"game_id","season","game_date","session","game_time_start","game_time_end","venue","attendance","home_team","away_team","home_score","away_score","game_end","home_coach","away_coach","referee_1","referee_2","linesman_1","linesman_2","coord_source"
2019020001,20192020,"2019-10-02","R","7:13 EDT","9:50 EDT","Scotiabank Arena",19612,"TOR","OTT",5,3,"REG","MIKE.BABCOCK","D.J..SMITH","KYLE.REHMAN","KEVIN.POLLOCK","RYAN.DAISY","BRAD.KOVACHIK","NHL_API"
2019020002,20192020,"2019-10-02","R","7:21 CDT","9:54 CDT","Enterprise Center",18096,"STL","WSH",2,3,"OT","CRAIG.BERUBE","TODD.REIRDEN","FRANCIS.CHARRON","GHISLAIN.HEBERT","DARREN.GIBBS","GREG.DEVORSKI","NHL_API"
2019020003,20192020,"2019-10-02","R","8:14 MDT","10:38 MDT","Rogers Place",18347,"EDM","VAN",3,2,"REG","DAVE.TIPPETT","TRAVIS.GREEN","BRAD.MEIER","JAKE.BRENK","TRENT.KNORR","TRAVIS.GAWRYLETZ","NHL_API"
2019020004,20192020,"2019-10-02","R","7:44 PDT","10:12 PDT","T-Mobile Arena",18588,"VGK","S.J",4,1,"REG","GERARD.GALLANT","PETER.DEBOER","MARC.JOANNETTE","BRIAN.POCHMARA","RYAN.GIBBONS","BRANDON.GAWRYLETZ","NHL_API"
2019020005,20192020,"2019-10-03","R","7:15 EDT","9:43 EDT","Amalie Arena",19092,"T.B","FLA",5,2,"REG","JON.COOPER","JOEL.QUENNEVILLE","WES.MCCAULEY","KENDRICK.NICHOLSON","DEREK.AMELL","JAMES.TOBIAS","NHL_API"
2019020006,20192020,"2019-10-03","R","7:15 EDT","9:45 EDT","Madison Square Garden",18006,"NYR","WPG",6,4,"REG","DAVID.QUINN","PAUL.MAURICE","IAN.WALSH","GRAHAM.SKILLITER","RYAN.DAISY","MICHEL.CORMIER","NHL_API"
2019020007,20192020,"2019-10-03","R","7:12 EDT","9:40 EDT","PPG Paints Arena",18616,"PIT","BUF",1,3,"REG","MIKE.SULLIVAN","RALPH.KRUEGER","CHRIS.SCHLENKER","TREVOR.HANSON","STEVE.MILLER","KORY.NAGY","NHL_API"
2019020008,20192020,"2019-10-03","R","7:15 EDT","9:55 EDT","PNC Arena",18680,"CAR","MTL",4,3,"SO","ROD.BRIND'AMOUR","CLAUDE.JULIEN","PETER.MACDOUGALL","KELLY.SUTHERLAND","SCOTT.CHERREY","JESSE.MARQUIS","NHL_API"
2019020009,20192020,"2019-10-03","R","7:14 CDT","9:43 CDT","Bridgestone Arena",17455,"NSH","MIN",5,2,"REG","PETER.LAVIOLETTE","BRUCE.BOUDREAU","GARRETT.RANK","PIERRE.LAMBERT","DEREK.NANSEN","PIERRE.RACICOT","NHL_API"
2019020010,20192020,"2019-10-03","R","7:41 CDT","10:14 CDT","American Airlines Center",18532,"DAL","BOS",1,2,"REG","JIM.MONTGOMERY","BRUCE.CASSIDY","TJ.LUXMORE","DAN.O'ROURKE","TONY.SERICOLO","GREG.DEVORSKI","NHL_API"
2019020011,20192020,"2019-10-03","R","7:18 MDT","9:58 MDT","Pepsi Center",18016,"COL","CGY",5,3,"REG","JARED.BEDNAR","BILL.PETERS","FRANCIS.CHARRON","GHISLAIN.HEBERT","SHANDOR.ALPHONSO","BEVAN.MILLS","NHL_API"
2019020012,20192020,"2019-10-03","R","7:13 PDT","9:36 PDT","Honda Center",17174,"ANA","ARI",2,1,"REG","DALLAS.EAKINS","RICK.TOCCHET","MARC.JOANNETTE","BRIAN.POCHMARA","BRANDON.GAWRYLETZ","TRAVIS.TOOMEY","NHL_API"
2019020013,20192020,"2019-10-04","R","7:12 EDT","9:49 EDT","Prudential Center",16514,"N.J","WPG",4,5,"SO","JOHN.HYNES","PAUL.MAURICE","ERIC.FURLATT","DEAN.MORTON","STEVE.BARTON","DEVIN.BERG","NHL_API"
2019020014,20192020,"2019-10-04","R","7:10 EDT","9:28 EDT","NYCB Live/Nassau Coliseum",13917,"NYI","WSH",1,2,"REG","BARRY.TROTZ","TODD.REIRDEN","KYLE.REHMAN","TOM.CHMIELEWSKI","MICHEL.CORMIER","DAVID.BRISEBOIS","NHL_API"
2019020015,20192020,"2019-10-04","R","7:15 EDT","9:42 EDT","ionwide Arena",18776,"CBJ","TOR",1,4,"REG","JOHN.TORTORELLA","MIKE.BABCOCK","CHRIS.SCHLENKER","TREVOR.HANSON","MATT.MACPHERSON","KORY.NAGY","NHL_API"
2019020016,20192020,"2019-10-04","R","8:13 CET","10:45 CET","O2 Arena",17463,"PHI","CHI",4,3,"REG","ALAIN.VIGNEAULT","JEREMY.COLLITON","JEAN.HEBERT","DAN.O'HALLORAN","BRIAN.MURPHY","LIBOR.SUCHANEK","NHL_API"
2019020017,20192020,"2019-10-04","R","7:43 PDT","10:11 PDT","San Jose",17562,"S.J","VGK",1,5,"REG","PETER.DEBOER","GERARD.GALLANT","CHRIS.LEE","TIM.PEEL","TRAVIS.TOOMEY","BRIAN.MACH","NHL_API"
2019020018,20192020,"2019-10-05","R","7:22 EDT","9:47 EDT","KeyBank Center",19070,"BUF","N.J",7,2,"REG","RALPH.KRUEGER","JOHN.HYNES","KYLE.REHMAN","TOM.CHMIELEWSKI","SCOTT.DRISCOLL","GREG.DEVORSKI","NHL_API"
2019020019,20192020,"2019-10-05","R","7:14 EDT","10:06 EDT","Scotiabank Arena",19547,"TOR","MTL",5,6,"SO","MIKE.BABCOCK","CLAUDE.JULIEN","GORD.DWYER","JON.MCISAAC","ANDREW.SMITH","DAVID.BRISEBOIS","NHL_API"
2019020020,20192020,"2019-10-05","R","7:24 EDT","9:48 EDT","Canadian Tire Centre",15135,"OTT","NYR",1,4,"REG","D.J..SMITH","DAVID.QUINN","BRAD.MEIER","JUSTIN.STPIERRE","MARK.SHEWCHYK","STEVE.MILLER","NHL_API"
2019020021,20192020,"2019-10-05","R","7:17 EDT","9:46 EDT","BB&T Center",17424,"FLA","T.B",4,3,"REG","JOEL.QUENNEVILLE","JON.COOPER","GARRETT.RANK","PIERRE.LAMBERT","DEREK.AMELL","JAMES.TOBIAS","NHL_API"
2019020022,20192020,"2019-10-05","R","7:08 EDT","9:31 EDT","PPG Paints Arena",18595,"PIT","CBJ",7,2,"REG","MIKE.SULLIVAN","JOHN.TORTORELLA","STEVE.KOZARI","PETER.MACDOUGALL","STEVE.BARTON","DEVIN.BERG","NHL_API"
2019020023,20192020,"2019-10-05","R","7:16 EDT","9:59 EDT","Capital One Arena",18573,"WSH","CAR",2,3,"OT","TODD.REIRDEN","ROD.BRIND'AMOUR","CHRIS.ROONEY","GRAHAM.SKILLITER","SCOTT.CHERREY","JESSE.MARQUIS","NHL_API"
2019020024,20192020,"2019-10-05","R","7:07 CDT","9:36 CDT","Enterprise Center",18096,"STL","DAL",3,2,"REG","CRAIG.BERUBE","JIM.MONTGOMERY","WES.MCCAULEY","KENDRICK.NICHOLSON","TONY.SERICOLO","PIERRE.RACICOT","NHL_API"
2019020025,20192020,"2019-10-05","R","7:08 CDT","9:44 CDT","Bridgestone Arena",17539,"NSH","DET",3,5,"REG","PETER.LAVIOLETTE","JEFF.BLASHILL","KELLY.SUTHERLAND","IAN.WALSH","MATT.MACPHERSON","DEREK.NANSEN","NHL_API"
2019020026,20192020,"2019-10-05","R","7:08 MDT","9:41 MDT","Pepsi Center",17090,"COL","MIN",4,2,"REG","JARED.BEDNAR","BRUCE.BOUDREAU","FRANCOIS.STLAURENT","FREDERICK.L'ECUYER","SHANDOR.ALPHONSO","BEVAN.MILLS","NHL_API"
2019020027,20192020,"2019-10-05","R","6:13 MST","8:30 MST","Gila River Arena",17125,"ARI","BOS",0,1,"REG","RICK.TOCCHET","BRUCE.CASSIDY","CHRIS.LEE","TIM.PEEL","DARREN.GIBBS","BRANDON.GAWRYLETZ","NHL_API"
2019020028,20192020,"2019-10-05","R","8:15 MDT","10:44 MDT","Scotiabank Saddledome",19005,"CGY","VAN",3,0,"REG","BILL.PETERS","TRAVIS.GREEN","MARC.JOANNETTE","BRIAN.POCHMARA","TRENT.KNORR","RYAN.GALLOWAY","NHL_API"
2019020029,20192020,"2019-10-05","R","8:09 MDT","10:39 MDT","Rogers Place",18347,"EDM","L.A",6,5,"REG","DAVE.TIPPETT","TODD.MCLELLAN","FRANCIS.CHARRON","GHISLAIN.HEBERT","VAUGHAN.RODY","KIEL.MURCHISON","NHL_API"
2019020030,20192020,"2019-10-05","R","7:09 PDT","9:33 PDT","Honda Center",15795,"ANA","S.J",3,1,"REG","DALLAS.EAKINS","PETER.DEBOER","TJ.LUXMORE","DAN.O'ROURKE","BRIAN.MACH","TRAVIS.TOOMEY","NHL_API"
2019020031,20192020,"2019-10-06","R","5:08 EDT","7:47 EDT","PNC Arena",14125,"CAR","T.B",4,3,"OT","ROD.BRIND'AMOUR","JON.COOPER","IAN.WALSH","GRAHAM.SKILLITER","RYAN.GIBBONS","TONY.SERICOLO","NHL_API"
2019020032,20192020,"2019-10-06","R","7:10 EDT","9:38 EDT","Little Caesars Arena",19515,"DET","DAL",4,3,"REG","JEFF.BLASHILL","JIM.MONTGOMERY","CHRIS.SCHLENKER","TREVOR.HANSON","KORY.NAGY","DAVID.BRISEBOIS","NHL_API"
2019020033,20192020,"2019-10-06","R","7:08 EDT","9:30 EDT","NYCB Live/Nassau Coliseum",9923,"NYI","WPG",4,1,"REG","BARRY.TROTZ","PAUL.MAURICE","JON.MCISAAC","KEVIN.POLLOCK","SCOTT.CHERREY","JESSE.MARQUIS","NHL_API"
2019020034,20192020,"2019-10-07","R","7:07 EDT","9:33 EDT","Scotiabank Arena",19466,"TOR","STL",2,3,"REG","MIKE.BABCOCK","CRAIG.BERUBE","JAKE.BRENK","BRAD.MEIER","TRAVIS.GAWRYLETZ","MARK.SHEWCHYK","NHL_API"
2019020035,20192020,"2019-10-07","R","7:08 EDT","9:42 EDT","ionwide Arena",14618,"CBJ","BUF",4,3,"OT","JOHN.TORTORELLA","RALPH.KRUEGER","STEVE.KOZARI","GORD.DWYER","STEVE.BARTON","JAMES.TOBIAS","NHL_API"
2019020036,20192020,"2019-10-08","R","7:10 EDT","9:40 EDT","BB&T Center",11638,"FLA","CAR",3,6,"REG","JOEL.QUENNEVILLE","ROD.BRIND'AMOUR","JEAN.HEBERT","IAN.WALSH","PIERRE.RACICOT","DARREN.GIBBS","NHL_API"
2019020037,20192020,"2019-10-08","R","7:07 EDT","9:33 EDT","NYCB Live/Nassau Coliseum",10985,"NYI","EDM",2,5,"REG","BARRY.TROTZ","DAVE.TIPPETT","TREVOR.HANSON","STEVE.KOZARI","RYAN.DAISY","RYAN.GIBBONS","NHL_API"
2019020038,20192020,"2019-10-08","R","7:13 EDT","9:38 EDT","PPG Paints Arena",18420,"PIT","WPG",1,4,"REG","MIKE.SULLIVAN","PAUL.MAURICE","GORD.DWYER","FRANCOIS.STLAURENT","SCOTT.DRISCOLL","LIBOR.SUCHANEK","NHL_API"
2019020039,20192020,"2019-10-08","R","7:08 EDT","9:43 EDT","Capital One Arena",18573,"WSH","DAL",3,4,"OT","TODD.REIRDEN","JIM.MONTGOMERY","KEVIN.POLLOCK","JON.MCISAAC","JAMES.TOBIAS","MICHEL.CORMIER","NHL_API"
2019020040,20192020,"2019-10-08","R","7:38 EDT","9:57 EDT","Little Caesars Arena",18209,"DET","ANA",1,3,"REG","JEFF.BLASHILL","DALLAS.EAKINS","BRAD.MEIER","DAN.O'HALLORAN","DEVIN.BERG","TYSON.BAKER","NHL_API"
2019020041,20192020,"2019-10-08","R","7:10 CDT","9:42 CDT","Bridgestone Arena",17251,"NSH","S.J",5,2,"REG","PETER.LAVIOLETTE","PETER.DEBOER","FREDERICK.L'ECUYER","JUSTIN.STPIERRE","JESSE.MARQUIS","VAUGHAN.RODY","NHL_API"
2019020042,20192020,"2019-10-08","R","7:07 MDT","9:41 MDT","Scotiabank Saddledome",18150,"CGY","L.A",3,4,"OT","BILL.PETERS","TODD.MCLELLAN","ERIC.FURLATT","PETER.MACDOUGALL","STEVE.MILLER","ANDREW.SMITH","NHL_API"
2019020043,20192020,"2019-10-08","R","7:07 PDT","9:39 PDT","T-Mobile Arena",18223,"VGK","BOS",3,4,"REG","GERARD.GALLANT","BRUCE.CASSIDY","KYLE.REHMAN","GRAHAM.SKILLITER","KIEL.MURCHISON","TRENT.KNORR","NHL_API"
2019020044,20192020,"2019-10-09","R","7:11 EDT","9:43 EDT","KeyBank Center",15383,"BUF","MTL",5,4,"OT","RALPH.KRUEGER","CLAUDE.JULIEN","JAKE.BRENK","GARRETT.RANK","TRAVIS.GAWRYLETZ","TONY.SERICOLO","NHL_API"
2019020045,20192020,"2019-10-09","R","7:40 EDT","10:17 EDT","Wells Fargo Center",19658,"PHI","N.J",4,0,"REG","ALAIN.VIGNEAULT","JOHN.HYNES","KEVIN.POLLOCK","PIERRE.LAMBERT","RYAN.GIBBONS","STEVE.BARTON","NHL_API"
2019020046,20192020,"2019-10-09","R","7:17 PDT","9:46 PDT","Rogers Arena",18955,"VAN","L.A",8,2,"REG","TRAVIS.GREEN","TODD.MCLELLAN","ERIC.FURLATT","PETER.MACDOUGALL","STEVE.MILLER","ANDREW.SMITH","NHL_API"
2019020047,20192020,"2019-10-10","R","7:05 EDT","9:29 EDT","Scotiabank Arena",19387,"TOR","T.B",3,7,"REG","MIKE.BABCOCK","JON.COOPER","GHISLAIN.HEBERT","MARC.JOANNETTE","SHANDOR.ALPHONSO","DEVIN.BERG","NHL_API"
2019020048,20192020,"2019-10-10","R","7:20 EDT","9:52 EDT","Centre Bell",21302,"MTL","DET",2,4,"REG","CLAUDE.JULIEN","JEFF.BLASHILL","WES.MCCAULEY","COREY.SYVRET","DAVID.BRISEBOIS","PIERRE.RACICOT","NHL_API"
2019020049,20192020,"2019-10-10","R","7:07 EDT","9:45 EDT","Prudential Center",14586,"N.J","EDM",3,4,"SO","JOHN.HYNES","DAVE.TIPPETT","GORD.DWYER","KENDRICK.NICHOLSON","BRIAN.MURPHY","TYSON.BAKER","NHL_API"
2019020050,20192020,"2019-10-10","R","7:08 EDT","9:38 EDT","PPG Paints Arena",18414,"PIT","ANA",2,1,"REG","MIKE.SULLIVAN","DALLAS.EAKINS","FRANCIS.CHARRON","JAKE.BRENK","RYAN.DAISY","SCOTT.DRISCOLL","NHL_API"
2019020051,20192020,"2019-10-10","R","7:38 EDT","10:09 EDT","Canadian Tire Centre",9204,"OTT","STL",4,6,"REG","D.J..SMITH","CRAIG.BERUBE","DAN.O'HALLORAN","CHRIS.LEE","DEREK.NANSEN","KORY.NAGY","NHL_API"
2019020052,20192020,"2019-10-10","R","7:08 CDT","9:46 CDT","Bridgestone Arena",17386,"NSH","WSH",6,5,"REG","PETER.LAVIOLETTE","TODD.REIRDEN","TIM.PEEL","TJ.LUXMORE","JAMES.TOBIAS","VAUGHAN.RODY","NHL_API"
2019020053,20192020,"2019-10-10","R","7:15 CDT","9:44 CDT","Bell MTS Place",15325,"WPG","MIN",5,2,"REG","PAUL.MAURICE","BRUCE.BOUDREAU","TOM.CHMIELEWSKI","DAN.O'ROURKE","BRANDON.GAWRYLETZ","MARK.SHEWCHYK","NHL_API"
2019020054,20192020,"2019-10-10","R","7:43 CDT","10:05 CDT","United Center",21455,"CHI","S.J",4,5,"REG","JEREMY.COLLITON","PETER.DEBOER","FURMAN.SOUTH","BRAD.MEIER","TRAVIS.GAWRYLETZ","LIBOR.SUCHANEK","NHL_API"
2019020055,20192020,"2019-10-10","R","7:39 CDT","10:21 CDT","American Airlines Center",17989,"DAL","CGY",2,3,"SO","JIM.MONTGOMERY","BILL.PETERS","JEAN.HEBERT","FREDERICK.L'ECUYER","JESSE.MARQUIS","MATT.MACPHERSON","NHL_API"
2019020056,20192020,"2019-10-10","R","7:08 MDT","9:43 MDT","Pepsi Center",18045,"COL","BOS",4,2,"REG","JARED.BEDNAR","BRUCE.CASSIDY","IAN.WALSH","DEAN.MORTON","BRIAN.MACH","RYAN.GALLOWAY","NHL_API"
2019020057,20192020,"2019-10-10","R","7:07 MST","9:31 MST","Gila River Arena",13864,"ARI","VGK",4,1,"REG","RICK.TOCCHET","GERARD.GALLANT","JUSTIN.STPIERRE","KELLY.SUTHERLAND","KIEL.MURCHISON","TRENT.KNORR","NHL_API"
2019020058,20192020,"2019-10-11","R","7:07 EDT","9:47 EDT","KeyBank Center",15638,"BUF","FLA",3,2,"SO","RALPH.KRUEGER","JOEL.QUENNEVILLE","GHISLAIN.HEBERT","MARC.JOANNETTE","SHANDOR.ALPHONSO","SCOTT.CHERREY","NHL_API"
2019020059,20192020,"2019-10-11","R","7:08 EDT","9:24 EDT","ionwide Arena",15368,"CBJ","ANA",1,2,"REG","JOHN.TORTORELLA","DALLAS.EAKINS","FURMAN.SOUTH","FRANCIS.CHARRON","TRAVIS.GAWRYLETZ","SCOTT.DRISCOLL","NHL_API"
2019020060,20192020,"2019-10-11","R","7:38 EDT","10:12 EDT","PNC Arena",14875,"CAR","NYI",5,2,"REG","ROD.BRIND'AMOUR","BARRY.TROTZ","PIERRE.LAMBERT","TIM.PEEL","RYAN.GIBBONS","LIBOR.SUCHANEK","NHL_API"
2019020061,20192020,"2019-10-12","R","1:08 EDT","3:34 EDT","Madison Square Garden",17177,"NYR","EDM",1,4,"REG","DAVID.QUINN","DAVE.TIPPETT","CHRIS.LEE","FRANCOIS.STLAURENT","BRIAN.MURPHY","DEVIN.BERG","NHL_API"
2019020062,20192020,"2019-10-12","R","4:08 EDT","6:34 EDT","Canadian Tire Centre",11023,"OTT","T.B",4,2,"REG","D.J..SMITH","JON.COOPER","COREY.SYVRET","WES.MCCAULEY","DAVID.BRISEBOIS","STEVE.BARTON","NHL_API"
2019020063,20192020,"2019-10-12","R","3:15 PDT","5:43 PDT","STAPLES Center",18230,"L.A","NSH",7,4,"REG","TODD.MCLELLAN","PETER.LAVIOLETTE","DEAN.MORTON","TREVOR.HANSON","TRENT.KNORR","TONY.SERICOLO","NHL_API"
2019020064,20192020,"2019-10-12","R","7:08 EDT","9:31 EDT","TD Garden",17193,"BOS","N.J",3,0,"REG","BRUCE.CASSIDY","JOHN.HYNES","CHRIS.ROONEY","DAN.O'HALLORAN","MICHEL.CORMIER","ANDREW.SMITH","NHL_API"
2019020065,20192020,"2019-10-12","R","7:15 EDT","9:47 EDT","Centre Bell",21302,"MTL","STL",6,3,"REG","CLAUDE.JULIEN","CRAIG.BERUBE","ERIC.FURLATT","KEVIN.POLLOCK","PIERRE.RACICOT","KORY.NAGY","NHL_API"
2019020066,20192020,"2019-10-12","R","7:15 EDT","9:38 EDT","Little Caesars Arena",19515,"DET","TOR",2,5,"REG","JEFF.BLASHILL","MIKE.BABCOCK","PETER.MACDOUGALL","FRANCIS.CHARRON","SCOTT.CHERREY","STEVE.MILLER","NHL_API"
2019020067,20192020,"2019-10-12","R","7:06 EDT","9:45 EDT","NYCB Live/Nassau Coliseum",11421,"NYI","FLA",3,2,"SO","BARRY.TROTZ","JOEL.QUENNEVILLE","GORD.DWYER","JAKE.BRENK","TYSON.BAKER","SHANDOR.ALPHONSO","NHL_API"
2019020068,20192020,"2019-10-12","R","7:07 EDT","9:38 EDT","PNC Arena",16224,"CAR","CBJ",2,3,"REG","ROD.BRIND'AMOUR","JOHN.TORTORELLA","JON.MCISAAC","KENDRICK.NICHOLSON","DARREN.GIBBS","LIBOR.SUCHANEK","NHL_API"
2019020069,20192020,"2019-10-12","R","6:15 CDT","8:40 CDT","United Center",21340,"CHI","WPG",2,3,"OT","JEREMY.COLLITON","PAUL.MAURICE","FREDERICK.L'ECUYER","GARRETT.RANK","RYAN.GIBBONS","JAMES.TOBIAS","NHL_API"
2019020070,20192020,"2019-10-12","R","7:08 CDT","9:45 CDT","American Airlines Center",18532,"DAL","WSH",1,4,"REG","JIM.MONTGOMERY","TODD.REIRDEN","BRIAN.POCHMARA","STEVE.KOZARI","MATT.MACPHERSON","JESSE.MARQUIS","NHL_API"
2019020071,20192020,"2019-10-12","R","7:45 CDT","10:30 CDT","Xcel Energy Center",19157,"MIN","PIT",4,7,"REG","BRUCE.BOUDREAU","MIKE.SULLIVAN","TJ.LUXMORE","BRAD.MEIER","BRANDON.GAWRYLETZ","MARK.SHEWCHYK","NHL_API"
2019020072,20192020,"2019-10-12","R","7:10 MDT","9:49 MDT","Pepsi Center",18053,"COL","ARI",3,2,"OT","JARED.BEDNAR","RICK.TOCCHET","JEAN.HEBERT","DAN.O'ROURKE","BRIAN.MACH","RYAN.GALLOWAY","NHL_API"
2019020073,20192020,"2019-10-12","R","7:09 PDT","9:48 PDT","Rogers Arena",18652,"VAN","PHI",3,2,"SO","TRAVIS.GREEN","ALAIN.VIGNEAULT","TOM.CHMIELEWSKI","GRAHAM.SKILLITER","KIEL.MURCHISON","BEVAN.MILLS","NHL_API"
2019020074,20192020,"2019-10-12","R","7:09 PDT","9:35 PDT","T-Mobile Arena",18192,"VGK","CGY",6,2,"REG","GERARD.GALLANT","BILL.PETERS","JUSTIN.STPIERRE","KELLY.SUTHERLAND","RYAN.DAISY","DEREK.NANSEN","NHL_API"
2019020075,20192020,"2019-10-13","R","6:11 CDT","8:41 CDT","Bell MTS Place",15325,"WPG","PIT",2,7,"REG","PAUL.MAURICE","MIKE.SULLIVAN","CHRIS.SCHLENKER","GHISLAIN.HEBERT","BRANDON.GAWRYLETZ","MARK.SHEWCHYK","NHL_API"
2019020076,20192020,"2019-10-13","R","7:08 PDT","9:35 PDT","STAPLES Center",17699,"L.A","VGK",2,5,"REG","TODD.MCLELLAN","GERARD.GALLANT","JEAN.HEBERT","DAN.O'ROURKE","TONY.SERICOLO","RYAN.GALLOWAY","NHL_API"
2019020077,20192020,"2019-10-13","R","7:08 PDT","9:35 PDT","San Jose",16250,"S.J","CGY",3,1,"REG","PETER.DEBOER","BILL.PETERS","DEAN.MORTON","KYLE.REHMAN","RYAN.DAISY","DEREK.NANSEN","NHL_API"
2019020078,20192020,"2019-10-14","R","1:09 EDT","3:39 EDT","TD Garden",17193,"BOS","ANA",4,2,"REG","BRUCE.CASSIDY","DALLAS.EAKINS","ERIC.FURLATT","KENDRICK.NICHOLSON","PIERRE.RACICOT","MATT.MACPHERSON","NHL_API"
2019020079,20192020,"2019-10-14","R","1:07 EDT","3:41 EDT","Canadian Tire Centre",11500,"OTT","MIN",0,2,"REG","D.J..SMITH","BRUCE.BOUDREAU","FRANCOIS.STLAURENT","FRANCIS.CHARRON","JULIEN.FOURNIER","SCOTT.CHERREY","NHL_API"
2019020080,20192020,"2019-10-14","R","1:08 EDT","3:30 EDT","Prudential Center",13208,"N.J","FLA",4,6,"REG","JOHN.HYNES","JOEL.QUENNEVILLE","CHRIS.LEE","PETER.MACDOUGALL","MICHEL.CORMIER","KORY.NAGY","NHL_API"
2019020081,20192020,"2019-10-14","R","1:06 EDT","3:33 EDT","NYCB Live/Nassau Coliseum",10355,"NYI","STL",3,2,"OT","BARRY.TROTZ","CRAIG.BERUBE","GARRETT.RANK","BRIAN.POCHMARA","BRIAN.MURPHY","ANDREW.SMITH","NHL_API"
2019020082,20192020,"2019-10-14","R","3:07 EDT","5:26 EDT","KeyBank Center",16595,"BUF","DAL",4,0,"REG","RALPH.KRUEGER","JIM.MONTGOMERY","CHRIS.ROONEY","REID.ANDERSON","DEVIN.BERG","BRAD.KOVACHIK","NHL_API"
2019020083,20192020,"2019-10-14","R","5:08 EDT","7:46 EDT","Capital One Arena",18573,"WSH","COL",3,6,"REG","TODD.REIRDEN","JARED.BEDNAR","WES.MCCAULEY","DAN.O'HALLORAN","STEVE.BARTON","LIBOR.SUCHANEK","NHL_API"
2019020084,20192020,"2019-10-14","R","7:38 CDT","10:04 CDT","United Center",21260,"CHI","EDM",3,1,"REG","JEREMY.COLLITON","DAVE.TIPPETT","TJ.LUXMORE","JON.MCISAAC","DARREN.GIBBS","JAMES.TOBIAS","NHL_API"
2019020085,20192020,"2019-10-15","R","7:06 EDT","9:32 EDT","Scotiabank Arena",19149,"TOR","MIN",4,2,"REG","MIKE.BABCOCK","BRUCE.BOUDREAU","ERIC.FURLATT","KENDRICK.NICHOLSON","STEVE.BARTON","DAVID.BRISEBOIS","NHL_API"
2019020086,20192020,"2019-10-15","R","7:10 EDT","9:34 EDT","Centre Bell",20406,"MTL","T.B",1,3,"REG","CLAUDE.JULIEN","JON.COOPER","PIERRE.LAMBERT","GARRETT.RANK","JULIEN.FOURNIER","SCOTT.CHERREY","NHL_API"
2019020087,20192020,"2019-10-15","R","7:08 CDT","9:32 CDT","Bell MTS Place",14764,"WPG","ARI",2,4,"REG","PAUL.MAURICE","RICK.TOCCHET","TJ.LUXMORE","MARC.JOANNETTE","SHANDOR.ALPHONSO","STEVE.MILLER","NHL_API"
2019020088,20192020,"2019-10-15","R","7:08 MDT","9:39 MDT","Scotiabank Saddledome",17771,"CGY","PHI",3,1,"REG","BILL.PETERS","ALAIN.VIGNEAULT","TIM.PEEL","CHRIS.SCHLENKER","MARK.SHEWCHYK","BRANDON.GAWRYLETZ","NHL_API"
2019020089,20192020,"2019-10-15","R","7:07 PDT","9:31 PDT","Rogers Arena",18183,"VAN","DET",5,1,"REG","TRAVIS.GREEN","JEFF.BLASHILL","DAN.O'ROURKE","GHISLAIN.HEBERT","VAUGHAN.RODY","TRAVIS.GAWRYLETZ","NHL_API"
2019020090,20192020,"2019-10-15","R","7:07 PDT","9:38 PDT","T-Mobile Arena",18188,"VGK","NSH",2,5,"REG","GERARD.GALLANT","PETER.LAVIOLETTE","JEAN.HEBERT","STEVE.KOZARI","RYAN.DAISY","TONY.SERICOLO","NHL_API"
2019020091,20192020,"2019-10-15","R","7:38 PDT","10:09 PDT","STAPLES Center",14219,"L.A","CAR",0,2,"REG","TODD.MCLELLAN","ROD.BRIND'AMOUR","JAKE.BRENK","DEAN.MORTON","RYAN.GIBBONS","DEREK.NANSEN","NHL_API"
2019020092,20192020,"2019-10-16","R","7:10 EDT","9:55 EDT","PPG Paints Arena",18458,"PIT","COL",3,2,"OT","MIKE.SULLIVAN","JARED.BEDNAR","JON.MCISAAC","KEVIN.POLLOCK","MICHEL.CORMIER","TYSON.BAKER","NHL_API"
2019020093,20192020,"2019-10-16","R","7:13 EDT","9:37 EDT","Capital One Arena",18573,"WSH","TOR",4,3,"REG","TODD.REIRDEN","MIKE.BABCOCK","FRANCOIS.STLAURENT","JUSTIN.STPIERRE","MATT.MACPHERSON","LIBOR.SUCHANEK","NHL_API"
2019020094,20192020,"2019-10-16","R","7:08 EDT","9:37 EDT","ionwide Arena",14683,"CBJ","DAL",3,2,"REG","JOHN.TORTORELLA","JIM.MONTGOMERY","KELLY.SUTHERLAND","FREDERICK.L'ECUYER","DARREN.GIBBS","BRIAN.MACH","NHL_API"
2019020095,20192020,"2019-10-16","R","7:45 MDT","10:19 MDT","Rogers Place",17107,"EDM","PHI",6,3,"REG","DAVE.TIPPETT","ALAIN.VIGNEAULT","MARC.JOANNETTE","DAN.O'ROURKE","SCOTT.DRISCOLL","BRANDON.GAWRYLETZ","NHL_API"
2019020096,20192020,"2019-10-16","R","7:08 PDT","9:44 PDT","Honda Center",15193,"ANA","BUF",5,2,"REG","DALLAS.EAKINS","RALPH.KRUEGER","GRAHAM.SKILLITER","IAN.WALSH","RYAN.DAISY","RYAN.GIBBONS","NHL_API"
2019020097,20192020,"2019-10-16","R","7:38 PDT","10:08 PDT","San Jose",15143,"S.J","CAR",5,2,"REG","PETER.DEBOER","ROD.BRIND'AMOUR","JAKE.BRENK","BRAD.MEIER","BEVAN.MILLS","KIEL.MURCHISON","NHL_API"
2019020098,20192020,"2019-10-17","R","7:09 EDT","9:53 EDT","TD Garden",17193,"BOS","T.B",3,4,"SO","BRUCE.CASSIDY","JON.COOPER","KEVIN.POLLOCK","JUSTIN.STPIERRE","BRIAN.MURPHY","LIBOR.SUCHANEK","NHL_API"
2019020099,20192020,"2019-10-17","R","7:08 EDT","9:37 EDT","Centre Bell",20419,"MTL","MIN",4,0,"REG","CLAUDE.JULIEN","BRUCE.BOUDREAU","BRIAN.POCHMARA","CHRIS.SCHLENKER","TRENT.KNORR","STEVE.BARTON","NHL_API"
2019020100,20192020,"2019-10-17","R","7:09 EDT","9:42 EDT","Prudential Center",16514,"N.J","NYR",5,2,"REG","JOHN.HYNES","DAVID.QUINN","CHRIS.ROONEY","FREDERICK.L'ECUYER","RYAN.GALLOWAY","DEREK.AMELL","NHL_API"
2019020101,20192020,"2019-10-17","R","7:08 CDT","9:51 CDT","Enterprise Center",18096,"STL","VAN",3,4,"SO","CRAIG.BERUBE","TRAVIS.GREEN","TREVOR.HANSON","PIERRE.LAMBERT","JULIEN.FOURNIER","DARREN.GIBBS","NHL_API"
2019020102,20192020,"2019-10-17","R","7:07 CDT","9:35 CDT","Bell MTS Place",15063,"WPG","NYI",1,3,"REG","PAUL.MAURICE","BARRY.TROTZ","KYLE.REHMAN","CHRIS.LEE","SHANDOR.ALPHONSO","STEVE.MILLER","NHL_API"
2019020103,20192020,"2019-10-17","R","7:07 MDT","9:30 MDT","Scotiabank Saddledome",18232,"CGY","DET",5,1,"REG","BILL.PETERS","JEFF.BLASHILL","TIM.PEEL","TJ.LUXMORE","MARK.SHEWCHYK","BRAD.KOVACHIK","NHL_API"
2019020104,20192020,"2019-10-17","R","7:07 MST","9:39 MST","Gila River Arena",13521,"ARI","NSH",5,2,"REG","RICK.TOCCHET","PETER.LAVIOLETTE","GRAHAM.SKILLITER","TOM.CHMIELEWSKI","KIEL.MURCHISON","DEVIN.BERG","NHL_API"
2019020105,20192020,"2019-10-17","R","7:07 PDT","10:01 PDT","T-Mobile Arena",18171,"VGK","OTT",3,2,"SO","GERARD.GALLANT","D.J..SMITH","IAN.WALSH","GORD.DWYER","DEREK.NANSEN","VAUGHAN.RODY","NHL_API"
2019020106,20192020,"2019-10-17","R","7:38 PDT","10:03 PDT","STAPLES Center",17605,"L.A","BUF",0,3,"REG","TODD.MCLELLAN","RALPH.KRUEGER","BRAD.MEIER","STEVE.KOZARI","TRAVIS.GAWRYLETZ","BEVAN.MILLS","NHL_API"
2019020107,20192020,"2019-10-18","R","7:09 EDT","9:39 EDT","BB&T Center",13382,"FLA","COL",4,5,"OT","JOEL.QUENNEVILLE","JARED.BEDNAR","KELLY.SUTHERLAND","PETER.MACDOUGALL","MATT.MACPHERSON","KORY.NAGY","NHL_API"
2019020108,20192020,"2019-10-18","R","7:08 EDT","9:29 EDT","PPG Paints Arena",18482,"PIT","DAL",4,2,"REG","MIKE.SULLIVAN","JIM.MONTGOMERY","DAN.O'HALLORAN","ERIC.FURLATT","TRAVIS.TOOMEY","BRIAN.MACH","NHL_API"
2019020109,20192020,"2019-10-18","R","7:09 EDT","9:37 EDT","Capital One Arena",18573,"WSH","NYR",5,2,"REG","TODD.REIRDEN","DAVID.QUINN","MICHAEL.MARKOVIC","DAN.O'ROURKE","RYAN.GALLOWAY","PIERRE.RACICOT","NHL_API"
2019020110,20192020,"2019-10-18","R","7:39 CDT","10:01 CDT","United Center",21518,"CHI","CBJ",3,2,"OT","JEREMY.COLLITON","JOHN.TORTORELLA","PIERRE.LAMBERT","FRANCIS.CHARRON","SHANDOR.ALPHONSO","KYLE.FLEMINGTON","NHL_API"
2019020111,20192020,"2019-10-18","R","7:07 MDT","9:27 MDT","Rogers Place",17420,"EDM","DET",2,1,"REG","DAVE.TIPPETT","JEFF.BLASHILL","KYLE.REHMAN","MARC.JOANNETTE","SCOTT.DRISCOLL","BRAD.KOVACHIK","NHL_API"
2019020112,20192020,"2019-10-18","R","7:07 PDT","9:36 PDT","Honda Center",14755,"ANA","CAR",4,2,"REG","DALLAS.EAKINS","ROD.BRIND'AMOUR","GARRETT.RANK","TOM.CHMIELEWSKI","TRAVIS.GAWRYLETZ","DEVIN.BERG","NHL_API"
2019020113,20192020,"2019-10-19","R","1:07 EDT","3:42 EDT","Prudential Center",13818,"N.J","VAN",1,0,"REG","JOHN.HYNES","TRAVIS.GREEN","CHRIS.SCHLENKER","TREVOR.HANSON","DAVID.BRISEBOIS","TONY.SERICOLO","NHL_API"
2019020114,20192020,"2019-10-19","R","2:07 CDT","4:31 CDT","Enterprise Center",18096,"STL","MTL",2,5,"REG","CRAIG.BERUBE","CLAUDE.JULIEN","TIM.PEEL","FREDERICK.L'ECUYER","BRIAN.MURPHY","DARREN.GIBBS","NHL_API"
2019020115,20192020,"2019-10-19","R","7:17 EDT","9:47 EDT","Scotiabank Arena",19394,"TOR","BOS",4,3,"OT","MIKE.BABCOCK","BRUCE.CASSIDY","BRIAN.POCHMARA","DEAN.MORTON","TRENT.KNORR","JAMES.TOBIAS","NHL_API"
2019020116,20192020,"2019-10-19","R","7:09 EDT","9:43 EDT","Amalie Arena",19092,"T.B","COL",2,6,"REG","JON.COOPER","JARED.BEDNAR","KELLY.SUTHERLAND","PETER.MACDOUGALL","MATT.MACPHERSON","KORY.NAGY","NHL_API"
2019020117,20192020,"2019-10-19","R","7:08 EDT","9:36 EDT","Wells Fargo Center",18003,"PHI","DAL",1,4,"REG","ALAIN.VIGNEAULT","JIM.MONTGOMERY","FRANCOIS.STLAURENT","JON.MCISAAC","JULIEN.FOURNIER","RYAN.GALLOWAY","NHL_API"
2019020118,20192020,"2019-10-19","R","7:08 EDT","9:37 EDT","PPG Paints Arena",18610,"PIT","VGK",0,3,"REG","MIKE.SULLIVAN","GERARD.GALLANT","WES.MCCAULEY","MICHAEL.MARKOVIC","ANDREW.SMITH","BRIAN.MACH","NHL_API"
2019020119,20192020,"2019-10-19","R","7:09 EDT","9:36 EDT","ionwide Arena",15276,"CBJ","NYI",2,3,"OT","JOHN.TORTORELLA","BARRY.TROTZ","JUSTIN.STPIERRE","ERIC.FURLATT","PIERRE.RACICOT","STEVE.MILLER","NHL_API"
2019020120,20192020,"2019-10-19","R","4:20 MST","6:47 MST","Gila River Arena",17125,"ARI","OTT",5,2,"REG","RICK.TOCCHET","D.J..SMITH","BRAD.MEIER","KENDRICK.NICHOLSON","BEVAN.MILLS","RYAN.GIBBONS","NHL_API"
2019020121,20192020,"2019-10-19","R","7:08 CDT","9:41 CDT","Bridgestone Arena",17534,"NSH","FLA",2,3,"SO","PETER.LAVIOLETTE","JOEL.QUENNEVILLE","KEVIN.POLLOCK","CHRIS.ROONEY","SCOTT.CHERREY","STEVE.BARTON","NHL_API"
2019020122,20192020,"2019-10-19","R","7:10 PDT","9:42 PDT","STAPLES Center",18230,"L.A","CGY",4,1,"REG","TODD.MCLELLAN","BILL.PETERS","GARRETT.RANK","IAN.WALSH","TRAVIS.GAWRYLETZ","VAUGHAN.RODY","NHL_API"
2019020123,20192020,"2019-10-19","R","7:38 PDT","10:05 PDT","San Jose",17562,"S.J","BUF",3,4,"REG","PETER.DEBOER","RALPH.KRUEGER","GRAHAM.SKILLITER","GORD.DWYER","DEREK.NANSEN","KIEL.MURCHISON","NHL_API"
2019020124,20192020,"2019-10-20","R","1:07 EDT","3:25 EDT","Madison Square Garden",17030,"NYR","VAN",2,3,"REG","DAVID.QUINN","TRAVIS.GREEN","JEAN.HEBERT","DAN.O'HALLORAN","DAVID.BRISEBOIS","LIBOR.SUCHANEK","NHL_API"
2019020125,20192020,"2019-10-20","R","4:08 CDT","6:38 CDT","Xcel Energy Center",17344,"MIN","MTL",4,3,"REG","BRUCE.BOUDREAU","CLAUDE.JULIEN","CHRIS.LEE","GHISLAIN.HEBERT","RYAN.DAISY","KYLE.FLEMINGTON","NHL_API"
2019020126,20192020,"2019-10-20","R","6:07 CDT","8:38 CDT","United Center",21187,"CHI","WSH",3,5,"REG","JEREMY.COLLITON","TODD.REIRDEN","JAKE.BRENK","WES.MCCAULEY","SHANDOR.ALPHONSO","STEVE.BARTON","NHL_API"
2019020127,20192020,"2019-10-20","R","6:09 CDT","8:41 CDT","Bell MTS Place",15321,"WPG","EDM",1,0,"SO","PAUL.MAURICE","DAVE.TIPPETT","FRANCIS.CHARRON","PIERRE.LAMBERT","BRAD.KOVACHIK","TRAVIS.TOOMEY","NHL_API"
2019020128,20192020,"2019-10-20","R","6:07 PDT","8:28 PDT","Honda Center",15690,"ANA","CGY",1,2,"REG","DALLAS.EAKINS","BILL.PETERS","KENDRICK.NICHOLSON","GORD.DWYER","DEVIN.BERG","VAUGHAN.RODY","NHL_API"
2019020129,20192020,"2019-10-21","R","7:07 EDT","9:41 EDT","Scotiabank Arena",18898,"TOR","CBJ",3,4,"OT","MIKE.BABCOCK","JOHN.TORTORELLA","JEAN.HEBERT","TOM.CHMIELEWSKI","TRENT.KNORR","SCOTT.DRISCOLL","NHL_API"
2019020130,20192020,"2019-10-21","R","7:08 EDT","9:29 EDT","Wells Fargo Center",16780,"PHI","VGK",6,2,"REG","ALAIN.VIGNEAULT","GERARD.GALLANT","TREVOR.HANSON","BRIAN.POCHMARA","ANDREW.SMITH","KORY.NAGY","NHL_API"
2019020131,20192020,"2019-10-21","R","7:08 CDT","9:40 CDT","Enterprise Center",18096,"STL","COL",3,1,"REG","CRAIG.BERUBE","JARED.BEDNAR","CHRIS.SCHLENKER","CHRIS.ROONEY","SCOTT.CHERREY","STEVE.MILLER","NHL_API"
2019020132,20192020,"2019-10-21","R","7:39 CDT","10:05 CDT","American Airlines Center",17896,"DAL","OTT",2,1,"REG","JIM.MONTGOMERY","D.J..SMITH","GARRETT.RANK","TIM.PEEL","BEVAN.MILLS","DEREK.AMELL","NHL_API"
2019020133,20192020,"2019-10-22","R","7:07 EDT","9:40 EDT","TD Garden",17193,"BOS","TOR",4,2,"REG","BRUCE.CASSIDY","MIKE.BABCOCK","WES.MCCAULEY","COREY.SYVRET","RYAN.GIBBONS","TONY.SERICOLO","NHL_API"
2019020134,20192020,"2019-10-22","R","7:07 EDT","9:38 EDT","KeyBank Center",15876,"BUF","S.J",4,3,"OT","RALPH.KRUEGER","PETER.DEBOER","TJ.LUXMORE","JON.MCISAAC","BRAD.KOVACHIK","TRAVIS.TOOMEY","NHL_API"
2019020135,20192020,"2019-10-22","R","7:09 EDT","9:24 EDT","BB&T Center",12738,"FLA","PIT",4,2,"REG","JOEL.QUENNEVILLE","MIKE.SULLIVAN","JUSTIN.STPIERRE","DEAN.MORTON","PIERRE.RACICOT","BRIAN.MURPHY","NHL_API"
2019020136,20192020,"2019-10-22","R","7:07 EDT","9:32 EDT","Madison Square Garden",17435,"NYR","ARI",2,3,"OT","DAVID.QUINN","RICK.TOCCHET","TREVOR.HANSON","STEVE.KOZARI","JAMES.TOBIAS","ANDREW.SMITH","NHL_API"
2019020137,20192020,"2019-10-22","R","7:39 EDT","10:06 EDT","Little Caesars Arena",18455,"DET","VAN",2,5,"REG","JEFF.BLASHILL","TRAVIS.GREEN","JAKE.BRENK","FRANCIS.CHARRON","MARK.SHEWCHYK","SCOTT.DRISCOLL","NHL_API"
2019020138,20192020,"2019-10-22","R","7:09 CDT","9:37 CDT","Bridgestone Arena",17424,"NSH","ANA",6,1,"REG","PETER.LAVIOLETTE","DALLAS.EAKINS","GHISLAIN.HEBERT","CHRIS.SCHLENKER","BEVAN.MILLS","SHANDOR.ALPHONSO","NHL_API"
2019020139,20192020,"2019-10-22","R","7:08 CDT","9:34 CDT","Xcel Energy Center",17189,"MIN","EDM",3,0,"REG","BRUCE.BOUDREAU","DAVE.TIPPETT","CHRIS.ROONEY","PETER.MACDOUGALL","KYLE.FLEMINGTON","RYAN.GALLOWAY","NHL_API"
2019020140,20192020,"2019-10-22","R","7:08 CDT","9:41 CDT","Bell MTS Place",15325,"WPG","L.A",2,3,"REG","PAUL.MAURICE","TODD.MCLELLAN","FURMAN.SOUTH","DAN.O'HALLORAN","STEVE.BARTON","RYAN.DAISY","NHL_API"
2019020141,20192020,"2019-10-22","R","7:38 CDT","10:17 CDT","United Center",21172,"CHI","VGK",1,2,"SO","JEREMY.COLLITON","GERARD.GALLANT","FRANCOIS.STLAURENT","BRANDON.BLANDINA","DEREK.AMELL","BRANDON.GAWRYLETZ","NHL_API"
2019020142,20192020,"2019-10-22","R","7:07 MDT","9:31 MDT","Scotiabank Saddledome",18002,"CGY","WSH",3,5,"REG","BILL.PETERS","TODD.REIRDEN","PIERRE.LAMBERT","CHRIS.LEE","DARREN.GIBBS","KIEL.MURCHISON","NHL_API"
2019020143,20192020,"2019-10-23","R","7:46 EDT","10:18 EDT","Canadian Tire Centre",11026,"OTT","DET",5,2,"REG","D.J..SMITH","JEFF.BLASHILL","STEVE.KOZARI","JEAN.HEBERT","TRENT.KNORR","MATT.MACPHERSON","NHL_API"
2019020144,20192020,"2019-10-23","R","8:15 EDT","10:55 EDT","Amalie Arena",19092,"T.B","PIT",3,2,"REG","JON.COOPER","MIKE.SULLIVAN","TIM.PEEL","DAN.O'ROURKE","PIERRE.RACICOT","BRIAN.MURPHY","NHL_API"
2019020145,20192020,"2019-10-24","R","7:08 EDT","9:44 EDT","Centre Bell",21052,"MTL","S.J",2,4,"REG","CLAUDE.JULIEN","PETER.DEBOER","CHRIS.SCHLENKER","JEAN.HEBERT","DEVIN.BERG","TRAVIS.TOOMEY","NHL_API"
2019020146,20192020,"2019-10-24","R","7:07 EDT","9:29 EDT","NYCB Live/Nassau Coliseum",10752,"NYI","ARI",4,2,"REG","BARRY.TROTZ","RICK.TOCCHET","WES.MCCAULEY","COREY.SYVRET","JAMES.TOBIAS","RYAN.GIBBONS","NHL_API"
2019020147,20192020,"2019-10-24","R","7:07 EDT","9:26 EDT","Madison Square Garden",16913,"NYR","BUF",6,2,"REG","DAVID.QUINN","RALPH.KRUEGER","TJ.LUXMORE","KENDRICK.NICHOLSON","MARK.SHEWCHYK","STEVE.MILLER","NHL_API"
2019020148,20192020,"2019-10-24","R","7:08 EDT","9:34 EDT","ionwide Arena",15398,"CBJ","CAR",4,3,"OT","JOHN.TORTORELLA","ROD.BRIND'AMOUR","MARC.JOANNETTE","FREDERICK.L'ECUYER","DAVID.BRISEBOIS","BRANDON.GAWRYLETZ","NHL_API"
2019020149,20192020,"2019-10-24","R","7:08 CDT","9:32 CDT","Enterprise Center",18096,"STL","L.A",5,2,"REG","CRAIG.BERUBE","TODD.MCLELLAN","JUSTIN.STPIERRE","GORD.DWYER","SCOTT.DRISCOLL","JESSE.MARQUIS","NHL_API"
2019020150,20192020,"2019-10-24","R","7:07 CDT","9:29 CDT","Bridgestone Arena",17386,"NSH","MIN",4,0,"REG","PETER.LAVIOLETTE","BRUCE.BOUDREAU","FURMAN.SOUTH","DAN.O'HALLORAN","TRAVIS.GAWRYLETZ","ANDREW.SMITH","NHL_API"
2019020151,20192020,"2019-10-24","R","7:37 CDT","10:00 CDT","United Center",21315,"CHI","PHI",1,4,"REG","JEREMY.COLLITON","ALAIN.VIGNEAULT","KELLY.SUTHERLAND","JAKE.BRENK","DEREK.AMELL","BRYAN.PANCICH","NHL_API"
2019020152,20192020,"2019-10-24","R","7:37 CDT","10:07 CDT","American Airlines Center",17754,"DAL","ANA",2,1,"REG","JIM.MONTGOMERY","DALLAS.EAKINS","DEAN.MORTON","KYLE.REHMAN","RYAN.GALLOWAY","LIBOR.SUCHANEK","NHL_API"
2019020153,20192020,"2019-10-24","R","7:07 MDT","9:46 MDT","Scotiabank Saddledome",18011,"CGY","FLA",6,5,"SO","BILL.PETERS","JOEL.QUENNEVILLE","FRANCOIS.STLAURENT","KEVIN.POLLOCK","BRIAN.MACH","DARREN.GIBBS","NHL_API"
2019020154,20192020,"2019-10-24","R","7:07 MDT","9:49 MDT","Rogers Place",17144,"EDM","WSH",4,3,"OT","DAVE.TIPPETT","TODD.REIRDEN","PETER.MACDOUGALL","CHRIS.LEE","STEVE.BARTON","RYAN.DAISY","NHL_API"
2019020155,20192020,"2019-10-25","R","3:08 PDT","5:23 PDT","T-Mobile Arena",18420,"VGK","COL",1,6,"REG","GERARD.GALLANT","JARED.BEDNAR","JON.MCISAAC","ERIC.FURLATT","PIERRE.RACICOT","VAUGHAN.RODY","NHL_API"
2019020156,20192020,"2019-10-25","R","7:07 EDT","9:22 EDT","Scotiabank Arena",19102,"TOR","S.J",4,1,"REG","MIKE.BABCOCK","PETER.DEBOER","STEVE.KOZARI","PIERRE.LAMBERT","KORY.NAGY","SCOTT.CHERREY","NHL_API"
2019020157,20192020,"2019-10-25","R","7:07 EDT","9:36 EDT","Prudential Center",14724,"N.J","ARI",3,5,"REG","JOHN.HYNES","RICK.TOCCHET","GARRETT.RANK","DAN.O'ROURKE","DEREK.NANSEN","STEVE.MILLER","NHL_API"
2019020158,20192020,"2019-10-25","R","7:38 EDT","10:09 EDT","Canadian Tire Centre",11189,"OTT","NYI",2,4,"REG","D.J..SMITH","BARRY.TROTZ","CHRIS.ROONEY","TOM.CHMIELEWSKI","TRAVIS.TOOMEY","TONY.SERICOLO","NHL_API"
2019020159,20192020,"2019-10-25","R","7:38 EDT","9:57 EDT","Little Caesars Arena",18616,"DET","BUF",0,2,"REG","JEFF.BLASHILL","RALPH.KRUEGER","BRIAN.POCHMARA","FREDERICK.L'ECUYER","DEVIN.BERG","DEREK.AMELL","NHL_API"
2019020160,20192020,"2019-10-25","R","7:07 PDT","9:48 PDT","Rogers Arena",18871,"VAN","WSH",5,6,"SO","TRAVIS.GREEN","TODD.REIRDEN","FRANCOIS.STLAURENT","KEVIN.POLLOCK","BRIAN.MACH","BEVAN.MILLS","NHL_API"
2019020161,20192020,"2019-10-26","R","1:08 EDT","3:22 EDT","PNC Arena",15738,"CAR","CHI",4,0,"REG","ROD.BRIND'AMOUR","JEREMY.COLLITON","KYLE.REHMAN","DEAN.MORTON","TRAVIS.GAWRYLETZ","BRYAN.PANCICH","NHL_API"
2019020162,20192020,"2019-10-26","R","7:10 EDT","9:33 EDT","TD Garden",17193,"BOS","STL",3,0,"REG","BRUCE.CASSIDY","CRAIG.BERUBE","STEVE.KOZARI","GHISLAIN.HEBERT","DEREK.NANSEN","MARK.SHEWCHYK","NHL_API"
2019020163,20192020,"2019-10-26","R","7:15 EDT","9:44 EDT","Centre Bell",21302,"MTL","TOR",5,2,"REG","CLAUDE.JULIEN","MIKE.BABCOCK","JUSTIN.STPIERRE","CHRIS.ROONEY","SHANDOR.ALPHONSO","BRAD.KOVACHIK","NHL_API"
2019020164,20192020,"2019-10-26","R","7:08 EDT","9:43 EDT","Amalie Arena",19092,"T.B","NSH",2,3,"OT","JON.COOPER","PETER.LAVIOLETTE","GORD.DWYER","FRANCIS.CHARRON","RYAN.GALLOWAY","SCOTT.DRISCOLL","NHL_API"
2019020165,20192020,"2019-10-26","R","7:08 EDT","9:37 EDT","Wells Fargo Center",17840,"PHI","CBJ",7,4,"REG","ALAIN.VIGNEAULT","JOHN.TORTORELLA","TJ.LUXMORE","WES.MCCAULEY","RYAN.GIBBONS","MATT.MACPHERSON","NHL_API"
2019020166,20192020,"2019-10-26","R","7:07 CDT","9:39 CDT","American Airlines Center",18532,"DAL","PIT",0,3,"REG","JIM.MONTGOMERY","MIKE.SULLIVAN","MARC.JOANNETTE","PETER.MACDOUGALL","LIBOR.SUCHANEK","DARREN.GIBBS","NHL_API"
2019020167,20192020,"2019-10-26","R","7:08 CDT","9:29 CDT","Xcel Energy Center",17444,"MIN","L.A",5,1,"REG","BRUCE.BOUDREAU","TODD.MCLELLAN","KELLY.SUTHERLAND","KENDRICK.NICHOLSON","DAVID.BRISEBOIS","RYAN.DAISY","NHL_API"
2019020168,20192020,"2019-10-26","R","8:16 CST","11:01 CST","Mosaic Stadium",33518,"WPG","CGY",2,1,"OT","PAUL.MAURICE","BILL.PETERS","BRAD.MEIER","GRAHAM.SKILLITER","KIEL.MURCHISON","TRENT.KNORR","NHL_API"
2019020169,20192020,"2019-10-26","R","7:08 MDT","9:48 MDT","Pepsi Center",18039,"COL","ANA",2,5,"REG","JARED.BEDNAR","DALLAS.EAKINS","ERIC.FURLATT","TIM.PEEL","VAUGHAN.RODY","BRANDON.GAWRYLETZ","NHL_API"
2019020170,20192020,"2019-10-27","R","2:07 MDT","4:32 MDT","Rogers Place",17278,"EDM","FLA",2,6,"REG","DAVE.TIPPETT","JOEL.QUENNEVILLE","CHRIS.SCHLENKER","FRANCOIS.STLAURENT","BEVAN.MILLS","BRIAN.MACH","NHL_API"
2019020171,20192020,"2019-10-27","R","5:08 EDT","7:31 EDT","Little Caesars Arena",18331,"DET","STL",4,5,"OT","JEFF.BLASHILL","CRAIG.BERUBE","KENDRICK.NICHOLSON","GARRETT.RANK","ANDREW.SMITH","JULIEN.FOURNIER","NHL_API"
2019020172,20192020,"2019-10-27","R","7:10 EDT","9:35 EDT","Canadian Tire Centre",9740,"OTT","S.J",5,2,"REG","D.J..SMITH","PETER.DEBOER","PIERRE.LAMBERT","JUSTIN.STPIERRE","JAMES.TOBIAS","SHANDOR.ALPHONSO","NHL_API"
2019020173,20192020,"2019-10-27","R","7:07 EDT","9:34 EDT","NYCB Live/Nassau Coliseum",12055,"NYI","PHI",5,3,"REG","BARRY.TROTZ","ALAIN.VIGNEAULT","FREDERICK.L'ECUYER","DEAN.MORTON","TRAVIS.GAWRYLETZ","DEREK.NANSEN","NHL_API"
2019020174,20192020,"2019-10-27","R","7:08 EDT","9:45 EDT","Madison Square Garden",17144,"NYR","BOS",4,7,"REG","DAVID.QUINN","BRUCE.CASSIDY","KYLE.REHMAN","BRIAN.POCHMARA","BRIAN.MURPHY","MATT.MACPHERSON","NHL_API"
2019020175,20192020,"2019-10-27","R","6:09 CDT","8:31 CDT","United Center",21334,"CHI","L.A",5,1,"REG","JEREMY.COLLITON","TODD.MCLELLAN","DAN.O'HALLORAN","KELLY.SUTHERLAND","DAVID.BRISEBOIS","KORY.NAGY","NHL_API"
2019020176,20192020,"2019-10-27","R","5:08 PDT","7:33 PDT","T-Mobile Arena",18110,"VGK","ANA",NA,NA,"REG","GERARD.GALLANT","DALLAS.EAKINS","JON.MCISAAC","TREVOR.HANSON","PIERRE.RACICOT","SCOTT.CHERREY","NHL_API"
2019020177,20192020,"2019-10-28","R","7:07 EDT","9:39 EDT","KeyBank Center",15358,"BUF","ARI",2,3,"SO","RALPH.KRUEGER","RICK.TOCCHET","GHISLAIN.HEBERT","FRANCIS.CHARRON","TYSON.BAKER","MARK.SHEWCHYK","NHL_API"
2019020178,20192020,"2019-10-28","R","7:08 PDT","9:28 PDT","Rogers Arena",17864,"VAN","FLA",7,2,"REG","TRAVIS.GREEN","JOEL.QUENNEVILLE","REID.ANDERSON","BRAD.MEIER","BRANDON.GAWRYLETZ","TRENT.KNORR","NHL_API"
2019020179,20192020,"2019-10-29","R","7:12 EDT","9:44 EDT","TD Garden",17193,"BOS","S.J",5,1,"REG","BRUCE.CASSIDY","PETER.DEBOER","CHRIS.ROONEY","FREDERICK.L'ECUYER","RYAN.DAISY","STEVE.BARTON","NHL_API"
2019020180,20192020,"2019-10-29","R","7:07 EDT","10:11 EDT","Scotiabank Arena",19258,"TOR","WSH",3,4,"OT","MIKE.BABCOCK","TODD.REIRDEN","TIM.PEEL","CHRIS.SCHLENKER","BRIAN.MURPHY","BEVAN.MILLS","NHL_API"
2019020181,20192020,"2019-10-29","R","7:45 EDT","10:22 EDT","Madison Square Garden",17196,"NYR","T.B",4,1,"REG","DAVID.QUINN","JON.COOPER","JUSTIN.STPIERRE","DEAN.MORTON","TRAVIS.GAWRYLETZ","JULIEN.FOURNIER","NHL_API"
2019020182,20192020,"2019-10-29","R","7:08 EDT","9:39 EDT","PPG Paints Arena",18560,"PIT","PHI",7,1,"REG","MIKE.SULLIVAN","ALAIN.VIGNEAULT","GHISLAIN.HEBERT","KYLE.REHMAN","BRYAN.PANCICH","TRAVIS.TOOMEY","NHL_API"
2019020183,20192020,"2019-10-29","R","7:08 EDT","9:39 EDT","PNC Arena",13864,"CAR","CGY",2,1,"REG","ROD.BRIND'AMOUR","BILL.PETERS","DAN.O'ROURKE","FURMAN.SOUTH","JAMES.TOBIAS","MATT.MACPHERSON","NHL_API"
2019020184,20192020,"2019-10-29","R","7:37 EDT","10:06 EDT","Little Caesars Arena",19515,"DET","EDM",3,1,"REG","JEFF.BLASHILL","DAVE.TIPPETT","JEAN.HEBERT","KEVIN.POLLOCK","STEVE.MILLER","LIBOR.SUCHANEK","NHL_API"
2019020185,20192020,"2019-10-29","R","7:07 CDT","9:34 CDT","Bridgestone Arena",17259,"NSH","CHI",3,0,"REG","PETER.LAVIOLETTE","JEREMY.COLLITON","JON.MCISAAC","KENDRICK.NICHOLSON","DAVID.BRISEBOIS","DEVIN.BERG","NHL_API"
2019020186,20192020,"2019-10-29","R","7:38 CDT","10:09 CDT","American Airlines Center",17756,"DAL","MIN",6,3,"REG","JIM.MONTGOMERY","BRUCE.BOUDREAU","JAKE.BRENK","GRAHAM.SKILLITER","PIERRE.RACICOT","TONY.SERICOLO","NHL_API"
2019020187,20192020,"2019-10-29","R","7:07 PDT","9:37 PDT","Honda Center",15171,"ANA","WPG",7,4,"REG","DALLAS.EAKINS","PAUL.MAURICE","CHRIS.LEE","TREVOR.HANSON","SCOTT.CHERREY","RYAN.GIBBONS","NHL_API"
2019020188,20192020,"2019-10-30","R","7:08 EDT","9:41 EDT","Prudential Center",13152,"N.J","T.B",6,7,"OT","JOHN.HYNES","JON.COOPER","JEAN.HEBERT","CHRIS.SCHLENKER","BEVAN.MILLS","TRAVIS.GAWRYLETZ","NHL_API"
2019020189,20192020,"2019-10-30","R","7:43 EDT","10:04 EDT","ionwide Arena",14193,"CBJ","EDM",1,4,"REG","JOHN.TORTORELLA","DAVE.TIPPETT","TIM.PEEL","GARRETT.RANK","BRYAN.PANCICH","SHANDOR.ALPHONSO","NHL_API"
2019020190,20192020,"2019-10-30","R","7:12 CDT","9:40 CDT","Enterprise Center",18096,"STL","MIN",2,1,"REG","CRAIG.BERUBE","BRUCE.BOUDREAU","MARC.JOANNETTE","PETER.MACDOUGALL","DEVIN.BERG","JAMES.TOBIAS","NHL_API"
2019020191,20192020,"2019-10-30","R","8:09 MDT","10:39 MDT","Pepsi Center",16022,"COL","FLA",3,4,"OT","JARED.BEDNAR","JOEL.QUENNEVILLE","TOM.CHMIELEWSKI","GRAHAM.SKILLITER","TONY.SERICOLO","ANDREW.SMITH","NHL_API"
2019020192,20192020,"2019-10-30","R","7:08 MST","9:35 MST","Gila River Arena",14004,"ARI","MTL",1,4,"REG","RICK.TOCCHET","CLAUDE.JULIEN","PIERRE.LAMBERT","WES.MCCAULEY","VAUGHAN.RODY","KIEL.MURCHISON","NHL_API"
2019020193,20192020,"2019-10-30","R","7:40 PDT","10:11 PDT","STAPLES Center",15565,"L.A","VAN",3,5,"REG","TODD.MCLELLAN","TRAVIS.GREEN","CHRIS.LEE","STEVE.KOZARI","BRANDON.GAWRYLETZ","SCOTT.CHERREY","NHL_API"
2019020194,20192020,"2019-10-31","R","7:07 CDT","9:41 CDT","Bridgestone Arena",17351,"NSH","CGY",5,6,"OT","PETER.LAVIOLETTE","BILL.PETERS","JAKE.BRENK","MARC.JOANNETTE","BRAD.KOVACHIK","TRAVIS.TOOMEY","NHL_API"
2019020195,20192020,"2019-10-31","R","7:07 PDT","9:40 PDT","T-Mobile Arena",18035,"VGK","MTL",4,5,"OT","GERARD.GALLANT","CLAUDE.JULIEN","FRANCIS.CHARRON","DAN.O'HALLORAN","DARREN.GIBBS","BRANDON.GAWRYLETZ","NHL_API"
2019020196,20192020,"2019-11-01","R","7:07 EDT","10:06 EDT","Prudential Center",14624,"N.J","PHI",3,4,"SO","JOHN.HYNES","ALAIN.VIGNEAULT","FURMAN.SOUTH","FRANCOIS.STLAURENT","TRENT.KNORR","STEVE.MILLER","NHL_API"
2019020197,20192020,"2019-11-01","R","7:08 EDT","9:27 EDT","NYCB Live/Nassau Coliseum",12043,"NYI","T.B",5,2,"REG","BARRY.TROTZ","JON.COOPER","CHRIS.SCHLENKER","BRAD.MEIER","BEVAN.MILLS","LIBOR.SUCHANEK","NHL_API"
2019020198,20192020,"2019-11-01","R","7:08 EDT","9:40 EDT","Capital One Arena",18573,"WSH","BUF",6,1,"REG","TODD.REIRDEN","RALPH.KRUEGER","MARC.JOANNETTE","JEAN.HEBERT","DEREK.NANSEN","BRIAN.MURPHY","NHL_API"
2019020199,20192020,"2019-11-01","R","7:39 EDT","10:06 EDT","PNC Arena",15383,"CAR","DET",7,3,"REG","ROD.BRIND'AMOUR","JEFF.BLASHILL","TJ.LUXMORE","ERIC.FURLATT","BRYAN.PANCICH","SHANDOR.ALPHONSO","NHL_API"
2019020200,20192020,"2019-11-01","R","7:08 CDT","9:41 CDT","Enterprise Center",18096,"STL","CBJ",4,3,"OT","CRAIG.BERUBE","JOHN.TORTORELLA","JAKE.BRENK","TOM.CHMIELEWSKI","TONY.SERICOLO","RYAN.GALLOWAY","NHL_API"
2019020201,20192020,"2019-11-01","R","7:08 MDT","9:44 MDT","Pepsi Center",18020,"COL","DAL",1,2,"REG","JARED.BEDNAR","JIM.MONTGOMERY","CHRIS.LEE","PIERRE.LAMBERT","JESSE.MARQUIS","KIEL.MURCHISON","NHL_API"
2019020202,20192020,"2019-11-01","R","7:08 PDT","9:37 PDT","Honda Center",15173,"ANA","VAN",2,1,"OT","DALLAS.EAKINS","TRAVIS.GREEN","BRIAN.POCHMARA","KYLE.REHMAN","ANDREW.SMITH","RYAN.DAISY","NHL_API"
2019020203,20192020,"2019-11-01","R","7:39 PDT","10:06 PDT","San Jose",15117,"S.J","WPG",2,3,"REG","PETER.DEBOER","PAUL.MAURICE","PETER.MACDOUGALL","WES.MCCAULEY","VAUGHAN.RODY","SCOTT.DRISCOLL","NHL_API"
2019020204,20192020,"2019-11-02","R","1:08 EDT","3:40 EDT","PPG Paints Arena",18618,"PIT","EDM",1,2,"OT","MIKE.SULLIVAN","DAVE.TIPPETT","KENDRICK.NICHOLSON","JUSTIN.STPIERRE","STEVE.BARTON","JULIEN.FOURNIER","NHL_API"
2019020205,20192020,"2019-11-02","R","1:11 CDT","3:28 CDT","Bridgestone Arena",17371,"NSH","NYR",1,2,"REG","PETER.LAVIOLETTE","DAVID.QUINN","GARRETT.RANK","GORD.DWYER","KORY.NAGY","PIERRE.RACICOT","NHL_API"
2019020206,20192020,"2019-11-02","R","7:15 EDT","9:53 EDT","TD Garden",17193,"BOS","OTT",5,2,"REG","BRUCE.CASSIDY","D.J..SMITH","CHRIS.SCHLENKER","TREVOR.HANSON","STEVE.MILLER","SCOTT.CHERREY","NHL_API"
2019020207,20192020,"2019-11-02","R","7:09 EDT","9:22 EDT","KeyBank Center",19070,"BUF","NYI",0,1,"REG","RALPH.KRUEGER","BARRY.TROTZ","FRANCOIS.STLAURENT","DEAN.MORTON","DAVID.BRISEBOIS","JAMES.TOBIAS","NHL_API"
2019020208,20192020,"2019-11-02","R","7:09 EDT","9:32 EDT","BB&T Center",14411,"FLA","DET",4,0,"REG","JOEL.QUENNEVILLE","JEFF.BLASHILL","FREDERICK.L'ECUYER","JON.MCISAAC","BRYAN.PANCICH","SHANDOR.ALPHONSO","NHL_API"
2019020209,20192020,"2019-11-02","R","7:15 EDT","9:56 EDT","Wells Fargo Center",18441,"PHI","TOR",3,4,"SO","ALAIN.VIGNEAULT","MIKE.BABCOCK","TJ.LUXMORE","BRAD.MEIER","BRIAN.MURPHY","LIBOR.SUCHANEK","NHL_API"
2019020210,20192020,"2019-11-02","R","7:08 EDT","9:45 EDT","PNC Arena",15079,"CAR","N.J",3,5,"REG","ROD.BRIND'AMOUR","JOHN.HYNES","GHISLAIN.HEBERT","ERIC.FURLATT","TRENT.KNORR","BRAD.KOVACHIK","NHL_API"
2019020211,20192020,"2019-11-02","R","7:14 EDT","9:37 EDT","ionwide Arena",15618,"CBJ","CGY",0,3,"REG","JOHN.TORTORELLA","BILL.PETERS","KEVIN.POLLOCK","DAN.O'ROURKE","DEVIN.BERG","RYAN.GALLOWAY","NHL_API"
2019020212,20192020,"2019-11-02","R","6:14 CDT","8:48 CDT","American Airlines Center",18532,"DAL","MTL",4,1,"REG","JIM.MONTGOMERY","CLAUDE.JULIEN","TOM.CHMIELEWSKI","CHRIS.LEE","TONY.SERICOLO","KIEL.MURCHISON","NHL_API"
2019020213,20192020,"2019-11-02","R","7:08 CDT","9:43 CDT","Xcel Energy Center",18208,"MIN","STL",3,4,"OT","BRUCE.BOUDREAU","CRAIG.BERUBE","GRAHAM.SKILLITER","PIERRE.LAMBERT","MATT.MACPHERSON","BRIAN.MACH","NHL_API"
2019020214,20192020,"2019-11-02","R","6:08 MST","8:31 MST","Gila River Arena",17125,"ARI","COL",3,0,"REG","RICK.TOCCHET","JARED.BEDNAR","DAN.O'HALLORAN","KYLE.REHMAN","TRAVIS.TOOMEY","BRANDON.GAWRYLETZ","NHL_API"
2019020215,20192020,"2019-11-02","R","7:09 PDT","9:50 PDT","T-Mobile Arena",18276,"VGK","WPG",3,4,"OT","GERARD.GALLANT","PAUL.MAURICE","PETER.MACDOUGALL","CHRIS.ROONEY","DARREN.GIBBS","RYAN.GIBBONS","NHL_API"
2019020216,20192020,"2019-11-02","R","7:13 PDT","9:40 PDT","San Jose",16480,"S.J","VAN",2,5,"REG","PETER.DEBOER","TRAVIS.GREEN","STEVE.KOZARI","FRANCIS.CHARRON","SCOTT.DRISCOLL","ANDREW.SMITH","NHL_API"
2019020217,20192020,"2019-11-02","R","7:38 PDT","10:16 PDT","STAPLES Center",18230,"L.A","CHI",4,3,"OT","TODD.MCLELLAN","JEREMY.COLLITON","BRIAN.POCHMARA","WES.MCCAULEY","VAUGHAN.RODY","RYAN.DAISY","NHL_API"
2019020218,20192020,"2019-11-03","R","7:11 EST","9:41 EST","Capital One Arena",18573,"WSH","CGY",4,2,"REG","TODD.REIRDEN","BILL.PETERS","TREVOR.HANSON","GORD.DWYER","DEREK.NANSEN","MARK.SHEWCHYK","NHL_API"
2019020219,20192020,"2019-11-03","R","5:07 PST","7:36 PST","Honda Center",15576,"ANA","CHI",2,3,"OT","DALLAS.EAKINS","JEREMY.COLLITON","CHRIS.ROONEY","WES.MCCAULEY","JESSE.MARQUIS","SCOTT.DRISCOLL","NHL_API"
2019020220,20192020,"2019-11-04","R","7:08 EST","9:38 EST","TD Garden",17193,"BOS","PIT",6,4,"REG","BRUCE.CASSIDY","MIKE.SULLIVAN","BRAD.MEIER","KELLY.SUTHERLAND","MARK.SHEWCHYK","RYAN.GALLOWAY","NHL_API"
2019020221,20192020,"2019-11-04","R","7:09 EST","9:46 EST","Madison Square Garden",16302,"NYR","OTT",2,6,"REG","DAVID.QUINN","D.J..SMITH","GHISLAIN.HEBERT","DAN.O'ROURKE","TRENT.KNORR","DEVIN.BERG","NHL_API"
2019020222,20192020,"2019-11-04","R","7:39 EST","10:05 EST","Little Caesars Arena",18526,"DET","NSH",1,6,"REG","JEFF.BLASHILL","PETER.LAVIOLETTE","DAN.O'HALLORAN","JUSTIN.STPIERRE","TRAVIS.TOOMEY","DAVID.BRISEBOIS","NHL_API"
2019020223,20192020,"2019-11-04","R","7:08 MST","9:38 MST","Rogers Place",17105,"EDM","ARI",2,3,"OT","DAVE.TIPPETT","RICK.TOCCHET","GRAHAM.SKILLITER","BRIAN.POCHMARA","MATT.MACPHERSON","RYAN.DAISY","NHL_API"
2019020224,20192020,"2019-11-05","R","7:41 EST","10:15 EST","Centre Bell",21302,"MTL","BOS",5,4,"REG","CLAUDE.JULIEN","BRUCE.CASSIDY","MARC.JOANNETTE","FRANCOIS.STLAURENT","KYLE.FLEMINGTON","TRENT.KNORR","NHL_API"
2019020225,20192020,"2019-11-05","R","7:07 EST","9:29 EST","Barclays Center",11212,"NYI","OTT",4,1,"REG","BARRY.TROTZ","D.J..SMITH","PETER.MACDOUGALL","KELLY.SUTHERLAND","DEVIN.BERG","MARK.SHEWCHYK","NHL_API"
2019020226,20192020,"2019-11-05","R","7:08 EST","9:34 EST","Wells Fargo Center",16172,"PHI","CAR",4,1,"REG","ALAIN.VIGNEAULT","ROD.BRIND'AMOUR","TREVOR.HANSON","GORD.DWYER","PIERRE.RACICOT","DEREK.NANSEN","NHL_API"
2019020227,20192020,"2019-11-05","R","7:08 EST","9:35 EST","ionwide Arena",15435,"CBJ","VGK",1,2,"REG","JOHN.TORTORELLA","GERARD.GALLANT","TJ.LUXMORE","FRANCIS.CHARRON","JULIEN.FOURNIER","SCOTT.CHERREY","NHL_API"
2019020228,20192020,"2019-11-05","R","7:40 EST","10:03 EST","Scotiabank Arena",19195,"TOR","L.A",3,1,"REG","MIKE.BABCOCK","TODD.MCLELLAN","GARRETT.RANK","KEVIN.POLLOCK","TYSON.BAKER","BRAD.KOVACHIK","NHL_API"
2019020229,20192020,"2019-11-05","R","7:08 CST","9:49 CST","Bell MTS Place",15325,"WPG","N.J",1,2,"SO","PAUL.MAURICE","JOHN.HYNES","JEAN.HEBERT","KENDRICK.NICHOLSON","BRIAN.MACH","KORY.NAGY","NHL_API"
2019020230,20192020,"2019-11-05","R","7:37 CST","10:10 CST","American Airlines Center",18108,"DAL","COL",4,1,"REG","JIM.MONTGOMERY","JARED.BEDNAR","COREY.SYVRET","CHRIS.ROONEY","BRYAN.PANCICH","JAMES.TOBIAS","NHL_API"
2019020231,20192020,"2019-11-05","R","7:10 MST","9:50 MST","Scotiabank Saddledome",17824,"CGY","ARI",4,3,"OT","BILL.PETERS","RICK.TOCCHET","STEVE.KOZARI","CHRIS.SCHLENKER","MATT.MACPHERSON","RYAN.DAISY","NHL_API"
2019020232,20192020,"2019-11-05","R","7:11 PST","9:34 PST","Rogers Arena",18789,"VAN","STL",1,2,"OT","TRAVIS.GREEN","CRAIG.BERUBE","DEAN.MORTON","IAN.WALSH","BRIAN.MURPHY","JESSE.MARQUIS","NHL_API"
2019020233,20192020,"2019-11-05","R","7:14 PST","9:35 PST","Honda Center",15526,"ANA","MIN",2,4,"REG","DALLAS.EAKINS","BRUCE.BOUDREAU","JAKE.BRENK","FREDERICK.L'ECUYER","SCOTT.DRISCOLL","TRAVIS.GAWRYLETZ","NHL_API"
2019020234,20192020,"2019-11-05","R","7:15 PST","9:36 PST","San Jose",16087,"S.J","CHI",4,2,"REG","PETER.DEBOER","JEREMY.COLLITON","TOM.CHMIELEWSKI","TIM.PEEL","LIBOR.SUCHANEK","BEVAN.MILLS","NHL_API"
2019020235,20192020,"2019-11-06","R","8:09 EST","10:35 EST","Madison Square Garden",16804,"NYR","DET",5,1,"REG","DAVID.QUINN","JEFF.BLASHILL","PIERRE.LAMBERT","JON.MCISAAC","PIERRE.RACICOT","DARREN.GIBBS","NHL_API"
2019020236,20192020,"2019-11-06","R","6:42 MST","9:12 MST","Rogers Place",17068,"EDM","STL",2,5,"REG","DAVE.TIPPETT","CRAIG.BERUBE","REID.ANDERSON","JEAN.HEBERT","KORY.NAGY","RYAN.GIBBONS","NHL_API"
2019020237,20192020,"2019-11-07","R","7:07 EST","9:41 EST","Scotiabank Arena",19218,"TOR","VGK",2,1,"OT","MIKE.BABCOCK","GERARD.GALLANT","DAN.O'ROURKE","GHISLAIN.HEBERT","SHANDOR.ALPHONSO","ANDREW.SMITH","NHL_API"
2019020001,2019020001,"2019-10-02","R","7:13 EDT","9:50 EDT","Scotiabank Arena",19612,"TOR","OTT",5,3,"REG","MIKE.BABCOCK","D.J..SMITH","KYLE.REHMAN","KEVIN.POLLOCK","RYAN.DAISY","BRAD.KOVACHIK","NHL_API"
2019020238,20192020,"2019-11-07","R","7:09 EST","9:38 EST","BB&T Center",14085,"FLA","WSH",4,5,"OT","JOEL.QUENNEVILLE","TODD.REIRDEN","TJ.LUXMORE","GARRETT.RANK","DAVID.BRISEBOIS","BRAD.KOVACHIK","NHL_API"
2019020239,20192020,"2019-11-07","R","7:07 EST","9:33 EST","Barclays Center",12613,"NYI","PIT",3,4,"OT","BARRY.TROTZ","MIKE.SULLIVAN","PIERRE.LAMBERT","DAN.O'HALLORAN","PIERRE.RACICOT","KIEL.MURCHISON","NHL_API"
2019020240,20192020,"2019-11-07","R","7:08 EST","9:36 EST","Wells Fargo Center",16788,"PHI","MTL",3,2,"OT","ALAIN.VIGNEAULT","CLAUDE.JULIEN","PETER.MACDOUGALL","FRANCIS.CHARRON","VAUGHAN.RODY","DARREN.GIBBS","NHL_API"
2019020241,20192020,"2019-11-07","R","7:08 EST","9:30 EST","PNC Arena",13878,"CAR","NYR",2,4,"REG","ROD.BRIND'AMOUR","DAVID.QUINN","WES.MCCAULEY","KEVIN.POLLOCK","JULIEN.FOURNIER","SCOTT.CHERREY","NHL_API"
2019020242,20192020,"2019-11-07","R","7:38 EST","10:09 EST","Canadian Tire Centre",9929,"OTT","L.A",3,2,"OT","D.J..SMITH","TODD.MCLELLAN","FRANCOIS.STLAURENT","JON.MCISAAC","BRIAN.MACH","KYLE.FLEMINGTON","NHL_API"
2019020243,20192020,"2019-11-07","R","7:39 CST","10:08 CST","United Center",21418,"CHI","VAN",5,2,"REG","JEREMY.COLLITON","TRAVIS.GREEN","GORD.DWYER","CHRIS.ROONEY","DEREK.NANSEN","TYSON.BAKER","NHL_API"
2019020244,20192020,"2019-11-07","R","7:08 MST","9:40 MST","Pepsi Center",17492,"COL","NSH",9,4,"REG","JARED.BEDNAR","PETER.LAVIOLETTE","FREDERICK.L'ECUYER","KENDRICK.NICHOLSON","JAMES.TOBIAS","BRYAN.PANCICH","NHL_API"
2019020245,20192020,"2019-11-07","R","7:07 MST","9:38 MST","Scotiabank Saddledome",18851,"CGY","N.J",5,2,"REG","BILL.PETERS","JOHN.HYNES","DEAN.MORTON","STEVE.KOZARI","BRIAN.MURPHY","JESSE.MARQUIS","NHL_API"
2019020246,20192020,"2019-11-07","R","7:07 MST","9:29 MST","Gila River Arena",12115,"ARI","CBJ",2,3,"REG","RICK.TOCCHET","JOHN.TORTORELLA","TIM.PEEL","MITCH.DUNNING","SCOTT.DRISCOLL","BEVAN.MILLS","NHL_API"
2019020247,20192020,"2019-11-07","R","7:37 PST","10:08 PST","San Jose",15764,"S.J","MIN",6,5,"REG","PETER.DEBOER","BRUCE.BOUDREAU","KYLE.REHMAN","CHRIS.SCHLENKER","LIBOR.SUCHANEK","TRAVIS.GAWRYLETZ","NHL_API"
2019020248,20192020,"2019-11-08","R","7:40 EST","10:22 EST","Little Caesars Arena",19515,"DET","BOS",4,2,"REG","JEFF.BLASHILL","BRUCE.CASSIDY","TOM.CHMIELEWSKI","GORD.DWYER","RYAN.DAISY","TYSON.BAKER","NHL_API"
2019020249,20192020,"2019-11-08","R","8:16 CET","10:49 CET","Ericsson Globe",13230,"BUF","T.B",2,3,"REG","RALPH.KRUEGER","JON.COOPER","CHRIS.LEE","ERIC.FURLATT","STEVE.BARTON","TONY.SERICOLO","NHL_API"
2019020250,20192020,"2019-11-08","R","7:08 CST","9:27 CST","Bell MTS Place",15325,"WPG","VAN",4,1,"REG","PAUL.MAURICE","TRAVIS.GREEN","STEVE.KOZARI","JEAN.HEBERT","KORY.NAGY","JESSE.MARQUIS","NHL_API"
